id,left,top,right,bottom
1225,585114.896500000031665,1990586.000299999956042,593114.896500000031665,1979586.000299999956042
1610,633114.896500000031665,1979586.000299999956042,641114.896500000031665,1968586.000299999956042
1822,657114.896500000031665,1759586.000299999956042,665114.896500000031665,1748586.000299999956042
2416,729114.896500000031665,1561586.000299999956042,737114.896500000031665,1550586.000299999956042
2449,737114.896500000031665,1902586.000299999956042,745114.896500000031665,1891586.000299999956042
2568,753114.896500000031665,2001586.000299999956042,761114.896500000031665,1990586.000299999956042
2592,753114.896500000031665,1737586.000299999956042,761114.896500000031665,1726586.000299999956042
2606,753114.896500000031665,1583586.000299999956042,761114.896500000031665,1572586.000299999956042
2612,753114.896500000031665,1517586.000299999956042,761114.896500000031665,1506586.000299999956042
2687,761114.896500000031665,1396586.000299999956042,769114.896500000031665,1385586.000299999956042
2744,769114.896500000031665,1473586.000299999956042,777114.896500000031665,1462586.000299999956042
2792,777114.896500000031665,1649586.000299999956042,785114.896500000031665,1638586.000299999956042
2796,777114.896500000031665,1605586.000299999956042,785114.896500000031665,1594586.000299999956042
2799,777114.896500000031665,1572586.000299999956042,785114.896500000031665,1561586.000299999956042
2807,777114.896500000031665,1484586.000299999956042,785114.896500000031665,1473586.000299999956042
2838,785114.896500000031665,1847586.000299999956042,793114.896500000031665,1836586.000299999956042
2864,785114.896500000031665,1561586.000299999956042,793114.896500000031665,1550586.000299999956042
2897,793114.896500000031665,1902586.000299999956042,801114.896500000031665,1891586.000299999956042
2900,793114.896500000031665,1869586.000299999956042,801114.896500000031665,1858586.000299999956042
2904,793114.896500000031665,1825586.000299999956042,801114.896500000031665,1814586.000299999956042
2919,793114.896500000031665,1660586.000299999956042,801114.896500000031665,1649586.000299999956042
2923,793114.896500000031665,1616586.000299999956042,801114.896500000031665,1605586.000299999956042
2924,793114.896500000031665,1605586.000299999956042,801114.896500000031665,1594586.000299999956042
2969,801114.896500000031665,1814586.000299999956042,809114.896500000031665,1803586.000299999956042
2977,801114.896500000031665,1726586.000299999956042,809114.896500000031665,1715586.000299999956042
2985,801114.896500000031665,1638586.000299999956042,809114.896500000031665,1627586.000299999956042
3035,809114.896500000031665,1792586.000299999956042,817114.896500000031665,1781586.000299999956042
3049,809114.896500000031665,1638586.000299999956042,817114.896500000031665,1627586.000299999956042
3051,809114.896500000031665,1616586.000299999956042,817114.896500000031665,1605586.000299999956042
3052,809114.896500000031665,1605586.000299999956042,817114.896500000031665,1594586.000299999956042
3054,809114.896500000031665,1583586.000299999956042,817114.896500000031665,1572586.000299999956042
3116,817114.896500000031665,1605586.000299999956042,825114.896500000031665,1594586.000299999956042
3122,817114.896500000031665,1539586.000299999956042,825114.896500000031665,1528586.000299999956042
3173,825114.896500000031665,1682586.000299999956042,833114.896500000031665,1671586.000299999956042
3176,825114.896500000031665,1649586.000299999956042,833114.896500000031665,1638586.000299999956042
3177,825114.896500000031665,1638586.000299999956042,833114.896500000031665,1627586.000299999956042
3178,825114.896500000031665,1627586.000299999956042,833114.896500000031665,1616586.000299999956042
3179,825114.896500000031665,1616586.000299999956042,833114.896500000031665,1605586.000299999956042
3185,825114.896500000031665,1550586.000299999956042,833114.896500000031665,1539586.000299999956042
3188,825114.896500000031665,1517586.000299999956042,833114.896500000031665,1506586.000299999956042
3218,833114.896500000031665,1891586.000299999956042,841114.896500000031665,1880586.000299999956042
3222,833114.896500000031665,1847586.000299999956042,841114.896500000031665,1836586.000299999956042
3236,833114.896500000031665,1693586.000299999956042,841114.896500000031665,1682586.000299999956042
3237,833114.896500000031665,1682586.000299999956042,841114.896500000031665,1671586.000299999956042
3238,833114.896500000031665,1671586.000299999956042,841114.896500000031665,1660586.000299999956042
3244,833114.896500000031665,1605586.000299999956042,841114.896500000031665,1594586.000299999956042
3247,833114.896500000031665,1572586.000299999956042,841114.896500000031665,1561586.000299999956042
3279,841114.896500000031665,1924586.000299999956042,849114.896500000031665,1913586.000299999956042
3283,841114.896500000031665,1880586.000299999956042,849114.896500000031665,1869586.000299999956042
3284,841114.896500000031665,1869586.000299999956042,849114.896500000031665,1858586.000299999956042
3288,841114.896500000031665,1825586.000299999956042,849114.896500000031665,1814586.000299999956042
3289,841114.896500000031665,1814586.000299999956042,849114.896500000031665,1803586.000299999956042
3290,841114.896500000031665,1803586.000299999956042,849114.896500000031665,1792586.000299999956042
3293,841114.896500000031665,1770586.000299999956042,849114.896500000031665,1759586.000299999956042
3299,841114.896500000031665,1704586.000299999956042,849114.896500000031665,1693586.000299999956042
3303,841114.896500000031665,1660586.000299999956042,849114.896500000031665,1649586.000299999956042
3304,841114.896500000031665,1649586.000299999956042,849114.896500000031665,1638586.000299999956042
3309,841114.896500000031665,1594586.000299999956042,849114.896500000031665,1583586.000299999956042
3347,849114.896500000031665,1880586.000299999956042,857114.896500000031665,1869586.000299999956042
3348,849114.896500000031665,1869586.000299999956042,857114.896500000031665,1858586.000299999956042
3350,849114.896500000031665,1847586.000299999956042,857114.896500000031665,1836586.000299999956042
3353,849114.896500000031665,1814586.000299999956042,857114.896500000031665,1803586.000299999956042
3354,849114.896500000031665,1803586.000299999956042,857114.896500000031665,1792586.000299999956042
3359,849114.896500000031665,1748586.000299999956042,857114.896500000031665,1737586.000299999956042
3361,849114.896500000031665,1726586.000299999956042,857114.896500000031665,1715586.000299999956042
3364,849114.896500000031665,1693586.000299999956042,857114.896500000031665,1682586.000299999956042
3379,849114.896500000031665,1528586.000299999956042,857114.896500000031665,1517586.000299999956042
3383,849114.896500000031665,1484586.000299999956042,857114.896500000031665,1473586.000299999956042
3410,857114.896500000031665,1891586.000299999956042,865114.896500000031665,1880586.000299999956042
3411,857114.896500000031665,1880586.000299999956042,865114.896500000031665,1869586.000299999956042
3412,857114.896500000031665,1869586.000299999956042,865114.896500000031665,1858586.000299999956042
3413,857114.896500000031665,1858586.000299999956042,865114.896500000031665,1847586.000299999956042
3414,857114.896500000031665,1847586.000299999956042,865114.896500000031665,1836586.000299999956042
3420,857114.896500000031665,1781586.000299999956042,865114.896500000031665,1770586.000299999956042
3422,857114.896500000031665,1759586.000299999956042,865114.896500000031665,1748586.000299999956042
3427,857114.896500000031665,1704586.000299999956042,865114.896500000031665,1693586.000299999956042
3429,857114.896500000031665,1682586.000299999956042,865114.896500000031665,1671586.000299999956042
3436,857114.896500000031665,1605586.000299999956042,865114.896500000031665,1594586.000299999956042
3438,857114.896500000031665,1583586.000299999956042,865114.896500000031665,1572586.000299999956042
3439,857114.896500000031665,1572586.000299999956042,865114.896500000031665,1561586.000299999956042
3447,857114.896500000031665,1484586.000299999956042,865114.896500000031665,1473586.000299999956042
3448,857114.896500000031665,1473586.000299999956042,865114.896500000031665,1462586.000299999956042
3452,857114.896500000031665,1429586.000299999956042,865114.896500000031665,1418586.000299999956042
3475,865114.896500000031665,1880586.000299999956042,873114.896500000031665,1869586.000299999956042
3476,865114.896500000031665,1869586.000299999956042,873114.896500000031665,1858586.000299999956042
3477,865114.896500000031665,1858586.000299999956042,873114.896500000031665,1847586.000299999956042
3481,865114.896500000031665,1814586.000299999956042,873114.896500000031665,1803586.000299999956042
3482,865114.896500000031665,1803586.000299999956042,873114.896500000031665,1792586.000299999956042
3484,865114.896500000031665,1781586.000299999956042,873114.896500000031665,1770586.000299999956042
3493,865114.896500000031665,1682586.000299999956042,873114.896500000031665,1671586.000299999956042
3500,865114.896500000031665,1605586.000299999956042,873114.896500000031665,1594586.000299999956042
3502,865114.896500000031665,1583586.000299999956042,873114.896500000031665,1572586.000299999956042
3503,865114.896500000031665,1572586.000299999956042,873114.896500000031665,1561586.000299999956042
3505,865114.896500000031665,1550586.000299999956042,873114.896500000031665,1539586.000299999956042
3509,865114.896500000031665,1506586.000299999956042,873114.896500000031665,1495586.000299999956042
3510,865114.896500000031665,1495586.000299999956042,873114.896500000031665,1484586.000299999956042
3538,873114.896500000031665,1891586.000299999956042,881114.896500000031665,1880586.000299999956042
3540,873114.896500000031665,1869586.000299999956042,881114.896500000031665,1858586.000299999956042
3541,873114.896500000031665,1858586.000299999956042,881114.896500000031665,1847586.000299999956042
3543,873114.896500000031665,1836586.000299999956042,881114.896500000031665,1825586.000299999956042
3545,873114.896500000031665,1814586.000299999956042,881114.896500000031665,1803586.000299999956042
3547,873114.896500000031665,1792586.000299999956042,881114.896500000031665,1781586.000299999956042
3548,873114.896500000031665,1781586.000299999956042,881114.896500000031665,1770586.000299999956042
3552,873114.896500000031665,1737586.000299999956042,881114.896500000031665,1726586.000299999956042
3556,873114.896500000031665,1693586.000299999956042,881114.896500000031665,1682586.000299999956042
3557,873114.896500000031665,1682586.000299999956042,881114.896500000031665,1671586.000299999956042
3559,873114.896500000031665,1660586.000299999956042,881114.896500000031665,1649586.000299999956042
3560,873114.896500000031665,1649586.000299999956042,881114.896500000031665,1638586.000299999956042
3563,873114.896500000031665,1616586.000299999956042,881114.896500000031665,1605586.000299999956042
3564,873114.896500000031665,1605586.000299999956042,881114.896500000031665,1594586.000299999956042
3566,873114.896500000031665,1583586.000299999956042,881114.896500000031665,1572586.000299999956042
3569,873114.896500000031665,1550586.000299999956042,881114.896500000031665,1539586.000299999956042
3572,873114.896500000031665,1517586.000299999956042,881114.896500000031665,1506586.000299999956042
3573,873114.896500000031665,1506586.000299999956042,881114.896500000031665,1495586.000299999956042
3574,873114.896500000031665,1495586.000299999956042,881114.896500000031665,1484586.000299999956042
3575,873114.896500000031665,1484586.000299999956042,881114.896500000031665,1473586.000299999956042
3577,873114.896500000031665,1462586.000299999956042,881114.896500000031665,1451586.000299999956042
3601,881114.896500000031665,1902586.000299999956042,889114.896500000031665,1891586.000299999956042
3605,881114.896500000031665,1858586.000299999956042,889114.896500000031665,1847586.000299999956042
3607,881114.896500000031665,1836586.000299999956042,889114.896500000031665,1825586.000299999956042
3610,881114.896500000031665,1803586.000299999956042,889114.896500000031665,1792586.000299999956042
3611,881114.896500000031665,1792586.000299999956042,889114.896500000031665,1781586.000299999956042
3615,881114.896500000031665,1748586.000299999956042,889114.896500000031665,1737586.000299999956042
3617,881114.896500000031665,1726586.000299999956042,889114.896500000031665,1715586.000299999956042
3620,881114.896500000031665,1693586.000299999956042,889114.896500000031665,1682586.000299999956042
3622,881114.896500000031665,1671586.000299999956042,889114.896500000031665,1660586.000299999956042
3623,881114.896500000031665,1660586.000299999956042,889114.896500000031665,1649586.000299999956042
3624,881114.896500000031665,1649586.000299999956042,889114.896500000031665,1638586.000299999956042
3625,881114.896500000031665,1638586.000299999956042,889114.896500000031665,1627586.000299999956042
3626,881114.896500000031665,1627586.000299999956042,889114.896500000031665,1616586.000299999956042
3632,881114.896500000031665,1561586.000299999956042,889114.896500000031665,1550586.000299999956042
3635,881114.896500000031665,1528586.000299999956042,889114.896500000031665,1517586.000299999956042
3636,881114.896500000031665,1517586.000299999956042,889114.896500000031665,1506586.000299999956042
3637,881114.896500000031665,1506586.000299999956042,889114.896500000031665,1495586.000299999956042
3638,881114.896500000031665,1495586.000299999956042,889114.896500000031665,1484586.000299999956042
3642,881114.896500000031665,1451586.000299999956042,889114.896500000031665,1440586.000299999956042
3660,889114.896500000031665,1957586.000299999956042,897114.896500000031665,1946586.000299999956042
3665,889114.896500000031665,1902586.000299999956042,897114.896500000031665,1891586.000299999956042
3666,889114.896500000031665,1891586.000299999956042,897114.896500000031665,1880586.000299999956042
3670,889114.896500000031665,1847586.000299999956042,897114.896500000031665,1836586.000299999956042
3671,889114.896500000031665,1836586.000299999956042,897114.896500000031665,1825586.000299999956042
3672,889114.896500000031665,1825586.000299999956042,897114.896500000031665,1814586.000299999956042
3673,889114.896500000031665,1814586.000299999956042,897114.896500000031665,1803586.000299999956042
3677,889114.896500000031665,1770586.000299999956042,897114.896500000031665,1759586.000299999956042
3678,889114.896500000031665,1759586.000299999956042,897114.896500000031665,1748586.000299999956042
3679,889114.896500000031665,1748586.000299999956042,897114.896500000031665,1737586.000299999956042
3680,889114.896500000031665,1737586.000299999956042,897114.896500000031665,1726586.000299999956042
3685,889114.896500000031665,1682586.000299999956042,897114.896500000031665,1671586.000299999956042
3686,889114.896500000031665,1671586.000299999956042,897114.896500000031665,1660586.000299999956042
3687,889114.896500000031665,1660586.000299999956042,897114.896500000031665,1649586.000299999956042
3688,889114.896500000031665,1649586.000299999956042,897114.896500000031665,1638586.000299999956042
3689,889114.896500000031665,1638586.000299999956042,897114.896500000031665,1627586.000299999956042
3690,889114.896500000031665,1627586.000299999956042,897114.896500000031665,1616586.000299999956042
3693,889114.896500000031665,1594586.000299999956042,897114.896500000031665,1583586.000299999956042
3695,889114.896500000031665,1572586.000299999956042,897114.896500000031665,1561586.000299999956042
3697,889114.896500000031665,1550586.000299999956042,897114.896500000031665,1539586.000299999956042
3701,889114.896500000031665,1506586.000299999956042,897114.896500000031665,1495586.000299999956042
3723,897114.896500000031665,1968586.000299999956042,905114.896500000031665,1957586.000299999956042
3725,897114.896500000031665,1946586.000299999956042,905114.896500000031665,1935586.000299999956042
3726,897114.896500000031665,1935586.000299999956042,905114.896500000031665,1924586.000299999956042
3729,897114.896500000031665,1902586.000299999956042,905114.896500000031665,1891586.000299999956042
3734,897114.896500000031665,1847586.000299999956042,905114.896500000031665,1836586.000299999956042
3735,897114.896500000031665,1836586.000299999956042,905114.896500000031665,1825586.000299999956042
3736,897114.896500000031665,1825586.000299999956042,905114.896500000031665,1814586.000299999956042
3737,897114.896500000031665,1814586.000299999956042,905114.896500000031665,1803586.000299999956042
3738,897114.896500000031665,1803586.000299999956042,905114.896500000031665,1792586.000299999956042
3739,897114.896500000031665,1792586.000299999956042,905114.896500000031665,1781586.000299999956042
3740,897114.896500000031665,1781586.000299999956042,905114.896500000031665,1770586.000299999956042
3741,897114.896500000031665,1770586.000299999956042,905114.896500000031665,1759586.000299999956042
3742,897114.896500000031665,1759586.000299999956042,905114.896500000031665,1748586.000299999956042
3743,897114.896500000031665,1748586.000299999956042,905114.896500000031665,1737586.000299999956042
3744,897114.896500000031665,1737586.000299999956042,905114.896500000031665,1726586.000299999956042
3745,897114.896500000031665,1726586.000299999956042,905114.896500000031665,1715586.000299999956042
3751,897114.896500000031665,1660586.000299999956042,905114.896500000031665,1649586.000299999956042
3752,897114.896500000031665,1649586.000299999956042,905114.896500000031665,1638586.000299999956042
3764,897114.896500000031665,1517586.000299999956042,905114.896500000031665,1506586.000299999956042
3765,897114.896500000031665,1506586.000299999956042,905114.896500000031665,1495586.000299999956042
3768,897114.896500000031665,1473586.000299999956042,905114.896500000031665,1462586.000299999956042
3770,897114.896500000031665,1451586.000299999956042,905114.896500000031665,1440586.000299999956042
3790,905114.896500000031665,1935586.000299999956042,913114.896500000031665,1924586.000299999956042
3791,905114.896500000031665,1924586.000299999956042,913114.896500000031665,1913586.000299999956042
3792,905114.896500000031665,1913586.000299999956042,913114.896500000031665,1902586.000299999956042
3793,905114.896500000031665,1902586.000299999956042,913114.896500000031665,1891586.000299999956042
3794,905114.896500000031665,1891586.000299999956042,913114.896500000031665,1880586.000299999956042
3798,905114.896500000031665,1847586.000299999956042,913114.896500000031665,1836586.000299999956042
3799,905114.896500000031665,1836586.000299999956042,913114.896500000031665,1825586.000299999956042
3800,905114.896500000031665,1825586.000299999956042,913114.896500000031665,1814586.000299999956042
3801,905114.896500000031665,1814586.000299999956042,913114.896500000031665,1803586.000299999956042
3802,905114.896500000031665,1803586.000299999956042,913114.896500000031665,1792586.000299999956042
3803,905114.896500000031665,1792586.000299999956042,913114.896500000031665,1781586.000299999956042
3804,905114.896500000031665,1781586.000299999956042,913114.896500000031665,1770586.000299999956042
3805,905114.896500000031665,1770586.000299999956042,913114.896500000031665,1759586.000299999956042
3806,905114.896500000031665,1759586.000299999956042,913114.896500000031665,1748586.000299999956042
3807,905114.896500000031665,1748586.000299999956042,913114.896500000031665,1737586.000299999956042
3808,905114.896500000031665,1737586.000299999956042,913114.896500000031665,1726586.000299999956042
3821,905114.896500000031665,1594586.000299999956042,913114.896500000031665,1583586.000299999956042
3822,905114.896500000031665,1583586.000299999956042,913114.896500000031665,1572586.000299999956042
3828,905114.896500000031665,1517586.000299999956042,913114.896500000031665,1506586.000299999956042
3829,905114.896500000031665,1506586.000299999956042,913114.896500000031665,1495586.000299999956042
3832,905114.896500000031665,1473586.000299999956042,913114.896500000031665,1462586.000299999956042
3833,905114.896500000031665,1462586.000299999956042,913114.896500000031665,1451586.000299999956042
3837,905114.896500000031665,1418586.000299999956042,913114.896500000031665,1407586.000299999956042
3853,913114.896500000031665,1946586.000299999956042,921114.896500000031665,1935586.000299999956042
3854,913114.896500000031665,1935586.000299999956042,921114.896500000031665,1924586.000299999956042
3856,913114.896500000031665,1913586.000299999956042,921114.896500000031665,1902586.000299999956042
3857,913114.896500000031665,1902586.000299999956042,921114.896500000031665,1891586.000299999956042
3867,913114.896500000031665,1792586.000299999956042,921114.896500000031665,1781586.000299999956042
3868,913114.896500000031665,1781586.000299999956042,921114.896500000031665,1770586.000299999956042
3885,913114.896500000031665,1594586.000299999956042,921114.896500000031665,1583586.000299999956042
3886,913114.896500000031665,1583586.000299999956042,921114.896500000031665,1572586.000299999956042
3888,913114.896500000031665,1561586.000299999956042,921114.896500000031665,1550586.000299999956042
3891,913114.896500000031665,1528586.000299999956042,921114.896500000031665,1517586.000299999956042
3892,913114.896500000031665,1517586.000299999956042,921114.896500000031665,1506586.000299999956042
3893,913114.896500000031665,1506586.000299999956042,921114.896500000031665,1495586.000299999956042
3896,913114.896500000031665,1473586.000299999956042,921114.896500000031665,1462586.000299999956042
3897,913114.896500000031665,1462586.000299999956042,921114.896500000031665,1451586.000299999956042
3903,913114.896500000031665,1396586.000299999956042,921114.896500000031665,1385586.000299999956042
3904,913114.896500000031665,1385586.000299999956042,921114.896500000031665,1374586.000299999956042
3918,921114.896500000031665,1935586.000299999956042,929114.896500000031665,1924586.000299999956042
3920,921114.896500000031665,1913586.000299999956042,929114.896500000031665,1902586.000299999956042
3932,921114.896500000031665,1781586.000299999956042,929114.896500000031665,1770586.000299999956042
3948,921114.896500000031665,1605586.000299999956042,929114.896500000031665,1594586.000299999956042
3951,921114.896500000031665,1572586.000299999956042,929114.896500000031665,1561586.000299999956042
3956,921114.896500000031665,1517586.000299999956042,929114.896500000031665,1506586.000299999956042
3959,921114.896500000031665,1484586.000299999956042,929114.896500000031665,1473586.000299999956042
3960,921114.896500000031665,1473586.000299999956042,929114.896500000031665,1462586.000299999956042
3967,921114.896500000031665,1396586.000299999956042,929114.896500000031665,1385586.000299999956042
3982,929114.896500000031665,1935586.000299999956042,937114.896500000031665,1924586.000299999956042
3986,929114.896500000031665,1891586.000299999956042,937114.896500000031665,1880586.000299999956042
3996,929114.896500000031665,1781586.000299999956042,937114.896500000031665,1770586.000299999956042
4011,929114.896500000031665,1616586.000299999956042,937114.896500000031665,1605586.000299999956042
4012,929114.896500000031665,1605586.000299999956042,937114.896500000031665,1594586.000299999956042
4013,929114.896500000031665,1594586.000299999956042,937114.896500000031665,1583586.000299999956042
4014,929114.896500000031665,1583586.000299999956042,937114.896500000031665,1572586.000299999956042
4015,929114.896500000031665,1572586.000299999956042,937114.896500000031665,1561586.000299999956042
4020,929114.896500000031665,1517586.000299999956042,937114.896500000031665,1506586.000299999956042
4023,929114.896500000031665,1484586.000299999956042,937114.896500000031665,1473586.000299999956042
4024,929114.896500000031665,1473586.000299999956042,937114.896500000031665,1462586.000299999956042
4031,929114.896500000031665,1396586.000299999956042,937114.896500000031665,1385586.000299999956042
4050,937114.896500000031665,1891586.000299999956042,945114.896500000031665,1880586.000299999956042
4053,937114.896500000031665,1858586.000299999956042,945114.896500000031665,1847586.000299999956042
4077,937114.896500000031665,1594586.000299999956042,945114.896500000031665,1583586.000299999956042
4078,937114.896500000031665,1583586.000299999956042,945114.896500000031665,1572586.000299999956042
4079,937114.896500000031665,1572586.000299999956042,945114.896500000031665,1561586.000299999956042
4082,937114.896500000031665,1539586.000299999956042,945114.896500000031665,1528586.000299999956042
4083,937114.896500000031665,1528586.000299999956042,945114.896500000031665,1517586.000299999956042
4087,937114.896500000031665,1484586.000299999956042,945114.896500000031665,1473586.000299999956042
4088,937114.896500000031665,1473586.000299999956042,945114.896500000031665,1462586.000299999956042
4094,937114.896500000031665,1407586.000299999956042,945114.896500000031665,1396586.000299999956042
4139,945114.896500000031665,1616586.000299999956042,953114.896500000031665,1605586.000299999956042
4140,945114.896500000031665,1605586.000299999956042,953114.896500000031665,1594586.000299999956042
4148,945114.896500000031665,1517586.000299999956042,953114.896500000031665,1506586.000299999956042
4149,945114.896500000031665,1506586.000299999956042,953114.896500000031665,1495586.000299999956042
4152,945114.896500000031665,1473586.000299999956042,953114.896500000031665,1462586.000299999956042
4160,945114.896500000031665,1385586.000299999956042,953114.896500000031665,1374586.000299999956042
4203,953114.896500000031665,1616586.000299999956042,961114.896500000031665,1605586.000299999956042
4204,953114.896500000031665,1605586.000299999956042,961114.896500000031665,1594586.000299999956042
4210,953114.896500000031665,1539586.000299999956042,961114.896500000031665,1528586.000299999956042
4211,953114.896500000031665,1528586.000299999956042,961114.896500000031665,1517586.000299999956042
4213,953114.896500000031665,1506586.000299999956042,961114.896500000031665,1495586.000299999956042
4257,961114.896500000031665,1726586.000299999956042,969114.896500000031665,1715586.000299999956042
4265,961114.896500000031665,1638586.000299999956042,969114.896500000031665,1627586.000299999956042
4266,961114.896500000031665,1627586.000299999956042,969114.896500000031665,1616586.000299999956042
4267,961114.896500000031665,1616586.000299999956042,969114.896500000031665,1605586.000299999956042
4268,961114.896500000031665,1605586.000299999956042,969114.896500000031665,1594586.000299999956042
4269,961114.896500000031665,1594586.000299999956042,969114.896500000031665,1583586.000299999956042
4277,961114.896500000031665,1506586.000299999956042,969114.896500000031665,1495586.000299999956042
4330,969114.896500000031665,1627586.000299999956042,977114.896500000031665,1616586.000299999956042
4334,969114.896500000031665,1583586.000299999956042,977114.896500000031665,1572586.000299999956042
4336,969114.896500000031665,1561586.000299999956042,977114.896500000031665,1550586.000299999956042
4395,977114.896500000031665,1616586.000299999956042,985114.896500000031665,1605586.000299999956042
4397,977114.896500000031665,1594586.000299999956042,985114.896500000031665,1583586.000299999956042
4399,977114.896500000031665,1572586.000299999956042,985114.896500000031665,1561586.000299999956042
4400,977114.896500000031665,1561586.000299999956042,985114.896500000031665,1550586.000299999956042
4406,977114.896500000031665,1495586.000299999956042,985114.896500000031665,1484586.000299999956042
4457,985114.896500000031665,1638586.000299999956042,993114.896500000031665,1627586.000299999956042
4460,985114.896500000031665,1605586.000299999956042,993114.896500000031665,1594586.000299999956042
4465,985114.896500000031665,1550586.000299999956042,993114.896500000031665,1539586.000299999956042
4466,985114.896500000031665,1539586.000299999956042,993114.896500000031665,1528586.000299999956042
4468,985114.896500000031665,1517586.000299999956042,993114.896500000031665,1506586.000299999956042
4472,985114.896500000031665,1473586.000299999956042,993114.896500000031665,1462586.000299999956042
4523,993114.896500000031665,1616586.000299999956042,1001114.896500000031665,1605586.000299999956042
4525,993114.896500000031665,1594586.000299999956042,1001114.896500000031665,1583586.000299999956042
4527,993114.896500000031665,1572586.000299999956042,1001114.896500000031665,1561586.000299999956042
4554,1001114.896500000031665,1979586.000299999956042,1009114.896500000031665,1968586.000299999956042
4585,1001114.896500000031665,1638586.000299999956042,1009114.896500000031665,1627586.000299999956042
4586,1001114.896500000031665,1627586.000299999956042,1009114.896500000031665,1616586.000299999956042
4587,1001114.896500000031665,1616586.000299999956042,1009114.896500000031665,1605586.000299999956042
4589,1001114.896500000031665,1594586.000299999956042,1009114.896500000031665,1583586.000299999956042
4592,1001114.896500000031665,1561586.000299999956042,1009114.896500000031665,1550586.000299999956042
4593,1001114.896500000031665,1550586.000299999956042,1009114.896500000031665,1539586.000299999956042
4647,1009114.896500000031665,1660586.000299999956042,1017114.896500000031665,1649586.000299999956042
4649,1009114.896500000031665,1638586.000299999956042,1017114.896500000031665,1627586.000299999956042
4650,1009114.896500000031665,1627586.000299999956042,1017114.896500000031665,1616586.000299999956042
4651,1009114.896500000031665,1616586.000299999956042,1017114.896500000031665,1605586.000299999956042
4666,1009114.896500000031665,1451586.000299999956042,1017114.896500000031665,1440586.000299999956042
4670,1009114.896500000031665,1407586.000299999956042,1017114.896500000031665,1396586.000299999956042
4679,1017114.896500000031665,2012586.000299999956042,1025114.896500000031665,2001586.000299999956042
4711,1017114.896500000031665,1660586.000299999956042,1025114.896500000031665,1649586.000299999956042
4712,1017114.896500000031665,1649586.000299999956042,1025114.896500000031665,1638586.000299999956042
4713,1017114.896500000031665,1638586.000299999956042,1025114.896500000031665,1627586.000299999956042
4714,1017114.896500000031665,1627586.000299999956042,1025114.896500000031665,1616586.000299999956042
4719,1017114.896500000031665,1572586.000299999956042,1025114.896500000031665,1561586.000299999956042
4726,1017114.896500000031665,1495586.000299999956042,1025114.896500000031665,1484586.000299999956042
4774,1025114.896500000031665,1671586.000299999956042,1033114.896500000031665,1660586.000299999956042
4775,1025114.896500000031665,1660586.000299999956042,1033114.896500000031665,1649586.000299999956042
4776,1025114.896500000031665,1649586.000299999956042,1033114.896500000031665,1638586.000299999956042
4777,1025114.896500000031665,1638586.000299999956042,1033114.896500000031665,1627586.000299999956042
4779,1025114.896500000031665,1616586.000299999956042,1033114.896500000031665,1605586.000299999956042
4780,1025114.896500000031665,1605586.000299999956042,1033114.896500000031665,1594586.000299999956042
4839,1033114.896500000031665,1660586.000299999956042,1041114.896500000031665,1649586.000299999956042
4843,1033114.896500000031665,1616586.000299999956042,1041114.896500000031665,1605586.000299999956042
4845,1033114.896500000031665,1594586.000299999956042,1041114.896500000031665,1583586.000299999956042
4846,1033114.896500000031665,1583586.000299999956042,1041114.896500000031665,1572586.000299999956042
4902,1041114.896500000031665,1671586.000299999956042,1049114.896500000031665,1660586.000299999956042
4903,1041114.896500000031665,1660586.000299999956042,1049114.896500000031665,1649586.000299999956042
4905,1041114.896500000031665,1638586.000299999956042,1049114.896500000031665,1627586.000299999956042
4906,1041114.896500000031665,1627586.000299999956042,1049114.896500000031665,1616586.000299999956042
4907,1041114.896500000031665,1616586.000299999956042,1049114.896500000031665,1605586.000299999956042
4908,1041114.896500000031665,1605586.000299999956042,1049114.896500000031665,1594586.000299999956042
4909,1041114.896500000031665,1594586.000299999956042,1049114.896500000031665,1583586.000299999956042
4910,1041114.896500000031665,1583586.000299999956042,1049114.896500000031665,1572586.000299999956042
4912,1041114.896500000031665,1561586.000299999956042,1049114.896500000031665,1550586.000299999956042
4966,1049114.896500000031665,1671586.000299999956042,1057114.896500000031665,1660586.000299999956042
4967,1049114.896500000031665,1660586.000299999956042,1057114.896500000031665,1649586.000299999956042
4969,1049114.896500000031665,1638586.000299999956042,1057114.896500000031665,1627586.000299999956042
4971,1049114.896500000031665,1616586.000299999956042,1057114.896500000031665,1605586.000299999956042
4972,1049114.896500000031665,1605586.000299999956042,1057114.896500000031665,1594586.000299999956042
4973,1049114.896500000031665,1594586.000299999956042,1057114.896500000031665,1583586.000299999956042
4979,1049114.896500000031665,1528586.000299999956042,1057114.896500000031665,1517586.000299999956042
5031,1057114.896500000031665,1660586.000299999956042,1065114.896500000031665,1649586.000299999956042
5032,1057114.896500000031665,1649586.000299999956042,1065114.896500000031665,1638586.000299999956042
5033,1057114.896500000031665,1638586.000299999956042,1065114.896500000031665,1627586.000299999956042
5034,1057114.896500000031665,1627586.000299999956042,1065114.896500000031665,1616586.000299999956042
5036,1057114.896500000031665,1605586.000299999956042,1065114.896500000031665,1594586.000299999956042
5037,1057114.896500000031665,1594586.000299999956042,1065114.896500000031665,1583586.000299999956042
5039,1057114.896500000031665,1572586.000299999956042,1065114.896500000031665,1561586.000299999956042
5096,1065114.896500000031665,1649586.000299999956042,1073114.896500000031665,1638586.000299999956042
5097,1065114.896500000031665,1638586.000299999956042,1073114.896500000031665,1627586.000299999956042
5098,1065114.896500000031665,1627586.000299999956042,1073114.896500000031665,1616586.000299999956042
5099,1065114.896500000031665,1616586.000299999956042,1073114.896500000031665,1605586.000299999956042
5100,1065114.896500000031665,1605586.000299999956042,1073114.896500000031665,1594586.000299999956042
5101,1065114.896500000031665,1594586.000299999956042,1073114.896500000031665,1583586.000299999956042
5103,1065114.896500000031665,1572586.000299999956042,1073114.896500000031665,1561586.000299999956042
5159,1073114.896500000031665,1660586.000299999956042,1081114.896500000031665,1649586.000299999956042
5160,1073114.896500000031665,1649586.000299999956042,1081114.896500000031665,1638586.000299999956042
5161,1073114.896500000031665,1638586.000299999956042,1081114.896500000031665,1627586.000299999956042
5162,1073114.896500000031665,1627586.000299999956042,1081114.896500000031665,1616586.000299999956042
5164,1073114.896500000031665,1605586.000299999956042,1081114.896500000031665,1594586.000299999956042
5166,1073114.896500000031665,1583586.000299999956042,1081114.896500000031665,1572586.000299999956042
5187,1081114.896500000031665,2056586.000299999956042,1089114.896500000031665,2045586.000299999956042
5188,1081114.896500000031665,2045586.000299999956042,1089114.896500000031665,2034586.000299999956042
5221,1081114.896500000031665,1682586.000299999956042,1089114.896500000031665,1671586.000299999956042
5223,1081114.896500000031665,1660586.000299999956042,1089114.896500000031665,1649586.000299999956042
5224,1081114.896500000031665,1649586.000299999956042,1089114.896500000031665,1638586.000299999956042
5225,1081114.896500000031665,1638586.000299999956042,1089114.896500000031665,1627586.000299999956042
5252,1089114.896500000031665,2045586.000299999956042,1097114.896500000031665,2034586.000299999956042
5253,1089114.896500000031665,2034586.000299999956042,1097114.896500000031665,2023586.000299999956042
5254,1089114.896500000031665,2023586.000299999956042,1097114.896500000031665,2012586.000299999956042
5285,1089114.896500000031665,1682586.000299999956042,1097114.896500000031665,1671586.000299999956042
5286,1089114.896500000031665,1671586.000299999956042,1097114.896500000031665,1660586.000299999956042
5287,1089114.896500000031665,1660586.000299999956042,1097114.896500000031665,1649586.000299999956042
5288,1089114.896500000031665,1649586.000299999956042,1097114.896500000031665,1638586.000299999956042
5289,1089114.896500000031665,1638586.000299999956042,1097114.896500000031665,1627586.000299999956042
5292,1089114.896500000031665,1605586.000299999956042,1097114.896500000031665,1594586.000299999956042
5293,1089114.896500000031665,1594586.000299999956042,1097114.896500000031665,1583586.000299999956042
5294,1089114.896500000031665,1583586.000299999956042,1097114.896500000031665,1572586.000299999956042
5295,1089114.896500000031665,1572586.000299999956042,1097114.896500000031665,1561586.000299999956042
5348,1097114.896500000031665,1693586.000299999956042,1105114.896500000031665,1682586.000299999956042
5349,1097114.896500000031665,1682586.000299999956042,1105114.896500000031665,1671586.000299999956042
5350,1097114.896500000031665,1671586.000299999956042,1105114.896500000031665,1660586.000299999956042
5351,1097114.896500000031665,1660586.000299999956042,1105114.896500000031665,1649586.000299999956042
5352,1097114.896500000031665,1649586.000299999956042,1105114.896500000031665,1638586.000299999956042
5353,1097114.896500000031665,1638586.000299999956042,1105114.896500000031665,1627586.000299999956042
5354,1097114.896500000031665,1627586.000299999956042,1105114.896500000031665,1616586.000299999956042
5355,1097114.896500000031665,1616586.000299999956042,1105114.896500000031665,1605586.000299999956042
5356,1097114.896500000031665,1605586.000299999956042,1105114.896500000031665,1594586.000299999956042
5357,1097114.896500000031665,1594586.000299999956042,1105114.896500000031665,1583586.000299999956042
5383,1105114.896500000031665,2012586.000299999956042,1113114.896500000031665,2001586.000299999956042
5384,1105114.896500000031665,2001586.000299999956042,1113114.896500000031665,1990586.000299999956042
5413,1105114.896500000031665,1682586.000299999956042,1113114.896500000031665,1671586.000299999956042
5414,1105114.896500000031665,1671586.000299999956042,1113114.896500000031665,1660586.000299999956042
5417,1105114.896500000031665,1638586.000299999956042,1113114.896500000031665,1627586.000299999956042
5418,1105114.896500000031665,1627586.000299999956042,1113114.896500000031665,1616586.000299999956042
5419,1105114.896500000031665,1616586.000299999956042,1113114.896500000031665,1605586.000299999956042
5422,1105114.896500000031665,1583586.000299999956042,1113114.896500000031665,1572586.000299999956042
5423,1105114.896500000031665,1572586.000299999956042,1113114.896500000031665,1561586.000299999956042
5433,1105114.896500000031665,1462586.000299999956042,1113114.896500000031665,1451586.000299999956042
5447,1113114.896500000031665,2012586.000299999956042,1121114.896500000031665,2001586.000299999956042
5448,1113114.896500000031665,2001586.000299999956042,1121114.896500000031665,1990586.000299999956042
5449,1113114.896500000031665,1990586.000299999956042,1121114.896500000031665,1979586.000299999956042
5477,1113114.896500000031665,1682586.000299999956042,1121114.896500000031665,1671586.000299999956042
5478,1113114.896500000031665,1671586.000299999956042,1121114.896500000031665,1660586.000299999956042
5479,1113114.896500000031665,1660586.000299999956042,1121114.896500000031665,1649586.000299999956042
5481,1113114.896500000031665,1638586.000299999956042,1121114.896500000031665,1627586.000299999956042
5483,1113114.896500000031665,1616586.000299999956042,1121114.896500000031665,1605586.000299999956042
5485,1113114.896500000031665,1594586.000299999956042,1121114.896500000031665,1583586.000299999956042
5512,1121114.896500000031665,2001586.000299999956042,1129114.896500000031665,1990586.000299999956042
5513,1121114.896500000031665,1990586.000299999956042,1129114.896500000031665,1979586.000299999956042
5514,1121114.896500000031665,1979586.000299999956042,1129114.896500000031665,1968586.000299999956042
5541,1121114.896500000031665,1682586.000299999956042,1129114.896500000031665,1671586.000299999956042
5542,1121114.896500000031665,1671586.000299999956042,1129114.896500000031665,1660586.000299999956042
5543,1121114.896500000031665,1660586.000299999956042,1129114.896500000031665,1649586.000299999956042
5544,1121114.896500000031665,1649586.000299999956042,1129114.896500000031665,1638586.000299999956042
5547,1121114.896500000031665,1616586.000299999956042,1129114.896500000031665,1605586.000299999956042
5549,1121114.896500000031665,1594586.000299999956042,1129114.896500000031665,1583586.000299999956042
5576,1129114.896500000031665,2001586.000299999956042,1137114.896500000031665,1990586.000299999956042
5578,1129114.896500000031665,1979586.000299999956042,1137114.896500000031665,1968586.000299999956042
5579,1129114.896500000031665,1968586.000299999956042,1137114.896500000031665,1957586.000299999956042
5605,1129114.896500000031665,1682586.000299999956042,1137114.896500000031665,1671586.000299999956042
5606,1129114.896500000031665,1671586.000299999956042,1137114.896500000031665,1660586.000299999956042
5607,1129114.896500000031665,1660586.000299999956042,1137114.896500000031665,1649586.000299999956042
5609,1129114.896500000031665,1638586.000299999956042,1137114.896500000031665,1627586.000299999956042
5642,1137114.896500000031665,1979586.000299999956042,1145114.896500000031665,1968586.000299999956042
5643,1137114.896500000031665,1968586.000299999956042,1145114.896500000031665,1957586.000299999956042
5644,1137114.896500000031665,1957586.000299999956042,1145114.896500000031665,1946586.000299999956042
5645,1137114.896500000031665,1946586.000299999956042,1145114.896500000031665,1935586.000299999956042
5669,1137114.896500000031665,1682586.000299999956042,1145114.896500000031665,1671586.000299999956042
5670,1137114.896500000031665,1671586.000299999956042,1145114.896500000031665,1660586.000299999956042
5671,1137114.896500000031665,1660586.000299999956042,1145114.896500000031665,1649586.000299999956042
5702,1145114.896500000031665,2023586.000299999956042,1153114.896500000031665,2012586.000299999956042
5707,1145114.896500000031665,1968586.000299999956042,1153114.896500000031665,1957586.000299999956042
5708,1145114.896500000031665,1957586.000299999956042,1153114.896500000031665,1946586.000299999956042
5709,1145114.896500000031665,1946586.000299999956042,1153114.896500000031665,1935586.000299999956042
5723,1145114.896500000031665,1792586.000299999956042,1153114.896500000031665,1781586.000299999956042
5732,1145114.896500000031665,1693586.000299999956042,1153114.896500000031665,1682586.000299999956042
5733,1145114.896500000031665,1682586.000299999956042,1153114.896500000031665,1671586.000299999956042
5734,1145114.896500000031665,1671586.000299999956042,1153114.896500000031665,1660586.000299999956042
5735,1145114.896500000031665,1660586.000299999956042,1153114.896500000031665,1649586.000299999956042
5753,1145114.896500000031665,1462586.000299999956042,1153114.896500000031665,1451586.000299999956042
5773,1153114.896500000031665,1946586.000299999956042,1161114.896500000031665,1935586.000299999956042
5795,1153114.896500000031665,1704586.000299999956042,1161114.896500000031665,1693586.000299999956042
5796,1153114.896500000031665,1693586.000299999956042,1161114.896500000031665,1682586.000299999956042
5797,1153114.896500000031665,1682586.000299999956042,1161114.896500000031665,1671586.000299999956042
5837,1161114.896500000031665,1946586.000299999956042,1169114.896500000031665,1935586.000299999956042
5851,1161114.896500000031665,1792586.000299999956042,1169114.896500000031665,1781586.000299999956042
5857,1161114.896500000031665,1726586.000299999956042,1169114.896500000031665,1715586.000299999956042
5858,1161114.896500000031665,1715586.000299999956042,1169114.896500000031665,1704586.000299999956042
5859,1161114.896500000031665,1704586.000299999956042,1169114.896500000031665,1693586.000299999956042
5860,1161114.896500000031665,1693586.000299999956042,1169114.896500000031665,1682586.000299999956042
5861,1161114.896500000031665,1682586.000299999956042,1169114.896500000031665,1671586.000299999956042
5903,1169114.896500000031665,1924586.000299999956042,1177114.896500000031665,1913586.000299999956042
5904,1169114.896500000031665,1913586.000299999956042,1177114.896500000031665,1902586.000299999956042
5905,1169114.896500000031665,1902586.000299999956042,1177114.896500000031665,1891586.000299999956042
5907,1169114.896500000031665,1880586.000299999956042,1177114.896500000031665,1869586.000299999956042
5909,1169114.896500000031665,1858586.000299999956042,1177114.896500000031665,1847586.000299999956042
5910,1169114.896500000031665,1847586.000299999956042,1177114.896500000031665,1836586.000299999956042
5911,1169114.896500000031665,1836586.000299999956042,1177114.896500000031665,1825586.000299999956042
5912,1169114.896500000031665,1825586.000299999956042,1177114.896500000031665,1814586.000299999956042
5913,1169114.896500000031665,1814586.000299999956042,1177114.896500000031665,1803586.000299999956042
5914,1169114.896500000031665,1803586.000299999956042,1177114.896500000031665,1792586.000299999956042
5915,1169114.896500000031665,1792586.000299999956042,1177114.896500000031665,1781586.000299999956042
5916,1169114.896500000031665,1781586.000299999956042,1177114.896500000031665,1770586.000299999956042
5919,1169114.896500000031665,1748586.000299999956042,1177114.896500000031665,1737586.000299999956042
5921,1169114.896500000031665,1726586.000299999956042,1177114.896500000031665,1715586.000299999956042
5922,1169114.896500000031665,1715586.000299999956042,1177114.896500000031665,1704586.000299999956042
5923,1169114.896500000031665,1704586.000299999956042,1177114.896500000031665,1693586.000299999956042
5925,1169114.896500000031665,1682586.000299999956042,1177114.896500000031665,1671586.000299999956042
5964,1177114.896500000031665,1957586.000299999956042,1185114.896500000031665,1946586.000299999956042
5969,1177114.896500000031665,1902586.000299999956042,1185114.896500000031665,1891586.000299999956042
5970,1177114.896500000031665,1891586.000299999956042,1185114.896500000031665,1880586.000299999956042
5971,1177114.896500000031665,1880586.000299999956042,1185114.896500000031665,1869586.000299999956042
5973,1177114.896500000031665,1858586.000299999956042,1185114.896500000031665,1847586.000299999956042
5974,1177114.896500000031665,1847586.000299999956042,1185114.896500000031665,1836586.000299999956042
5975,1177114.896500000031665,1836586.000299999956042,1185114.896500000031665,1825586.000299999956042
5976,1177114.896500000031665,1825586.000299999956042,1185114.896500000031665,1814586.000299999956042
5977,1177114.896500000031665,1814586.000299999956042,1185114.896500000031665,1803586.000299999956042
5978,1177114.896500000031665,1803586.000299999956042,1185114.896500000031665,1792586.000299999956042
5979,1177114.896500000031665,1792586.000299999956042,1185114.896500000031665,1781586.000299999956042
5982,1177114.896500000031665,1759586.000299999956042,1185114.896500000031665,1748586.000299999956042
5984,1177114.896500000031665,1737586.000299999956042,1185114.896500000031665,1726586.000299999956042
5985,1177114.896500000031665,1726586.000299999956042,1185114.896500000031665,1715586.000299999956042
5986,1177114.896500000031665,1715586.000299999956042,1185114.896500000031665,1704586.000299999956042
6034,1185114.896500000031665,1891586.000299999956042,1193114.896500000031665,1880586.000299999956042
6041,1185114.896500000031665,1814586.000299999956042,1193114.896500000031665,1803586.000299999956042
6042,1185114.896500000031665,1803586.000299999956042,1193114.896500000031665,1792586.000299999956042
6043,1185114.896500000031665,1792586.000299999956042,1193114.896500000031665,1781586.000299999956042
6044,1185114.896500000031665,1781586.000299999956042,1193114.896500000031665,1770586.000299999956042
6045,1185114.896500000031665,1770586.000299999956042,1193114.896500000031665,1759586.000299999956042
6046,1185114.896500000031665,1759586.000299999956042,1193114.896500000031665,1748586.000299999956042
6047,1185114.896500000031665,1748586.000299999956042,1193114.896500000031665,1737586.000299999956042
6049,1185114.896500000031665,1726586.000299999956042,1193114.896500000031665,1715586.000299999956042
6063,1185114.896500000031665,1572586.000299999956042,1193114.896500000031665,1561586.000299999956042
6095,1193114.896500000031665,1924586.000299999956042,1201114.896500000031665,1913586.000299999956042
6101,1193114.896500000031665,1858586.000299999956042,1201114.896500000031665,1847586.000299999956042
6103,1193114.896500000031665,1836586.000299999956042,1201114.896500000031665,1825586.000299999956042
6106,1193114.896500000031665,1803586.000299999956042,1201114.896500000031665,1792586.000299999956042
6107,1193114.896500000031665,1792586.000299999956042,1201114.896500000031665,1781586.000299999956042
6108,1193114.896500000031665,1781586.000299999956042,1201114.896500000031665,1770586.000299999956042
6112,1193114.896500000031665,1737586.000299999956042,1201114.896500000031665,1726586.000299999956042
6113,1193114.896500000031665,1726586.000299999956042,1201114.896500000031665,1715586.000299999956042
6114,1193114.896500000031665,1715586.000299999956042,1201114.896500000031665,1704586.000299999956042
6115,1193114.896500000031665,1704586.000299999956042,1201114.896500000031665,1693586.000299999956042
6116,1193114.896500000031665,1693586.000299999956042,1201114.896500000031665,1682586.000299999956042
6165,1201114.896500000031665,1858586.000299999956042,1209114.896500000031665,1847586.000299999956042
6168,1201114.896500000031665,1825586.000299999956042,1209114.896500000031665,1814586.000299999956042
6170,1201114.896500000031665,1803586.000299999956042,1209114.896500000031665,1792586.000299999956042
6172,1201114.896500000031665,1781586.000299999956042,1209114.896500000031665,1770586.000299999956042
6173,1201114.896500000031665,1770586.000299999956042,1209114.896500000031665,1759586.000299999956042
6174,1201114.896500000031665,1759586.000299999956042,1209114.896500000031665,1748586.000299999956042
6176,1201114.896500000031665,1737586.000299999956042,1209114.896500000031665,1726586.000299999956042
6177,1201114.896500000031665,1726586.000299999956042,1209114.896500000031665,1715586.000299999956042
6178,1201114.896500000031665,1715586.000299999956042,1209114.896500000031665,1704586.000299999956042
6179,1201114.896500000031665,1704586.000299999956042,1209114.896500000031665,1693586.000299999956042
6227,1209114.896500000031665,1880586.000299999956042,1217114.896500000031665,1869586.000299999956042
6230,1209114.896500000031665,1847586.000299999956042,1217114.896500000031665,1836586.000299999956042
6235,1209114.896500000031665,1792586.000299999956042,1217114.896500000031665,1781586.000299999956042
6236,1209114.896500000031665,1781586.000299999956042,1217114.896500000031665,1770586.000299999956042
6237,1209114.896500000031665,1770586.000299999956042,1217114.896500000031665,1759586.000299999956042
6238,1209114.896500000031665,1759586.000299999956042,1217114.896500000031665,1748586.000299999956042
6241,1209114.896500000031665,1726586.000299999956042,1217114.896500000031665,1715586.000299999956042
6289,1217114.896500000031665,1902586.000299999956042,1225114.896500000031665,1891586.000299999956042
6290,1217114.896500000031665,1891586.000299999956042,1225114.896500000031665,1880586.000299999956042
6291,1217114.896500000031665,1880586.000299999956042,1225114.896500000031665,1869586.000299999956042
6294,1217114.896500000031665,1847586.000299999956042,1225114.896500000031665,1836586.000299999956042
6300,1217114.896500000031665,1781586.000299999956042,1225114.896500000031665,1770586.000299999956042
6302,1217114.896500000031665,1759586.000299999956042,1225114.896500000031665,1748586.000299999956042
6305,1217114.896500000031665,1726586.000299999956042,1225114.896500000031665,1715586.000299999956042
6306,1217114.896500000031665,1715586.000299999956042,1225114.896500000031665,1704586.000299999956042
6363,1225114.896500000031665,1792586.000299999956042,1233114.896500000031665,1781586.000299999956042
6373,1225114.896500000031665,1682586.000299999956042,1233114.896500000031665,1671586.000299999956042
6414,1233114.896500000031665,1935586.000299999956042,1241114.896500000031665,1924586.000299999956042
6481,1241114.896500000031665,1902586.000299999956042,1249114.896500000031665,1891586.000299999956042
6484,1241114.896500000031665,1869586.000299999956042,1249114.896500000031665,1858586.000299999956042
6548,1249114.896500000031665,1869586.000299999956042,1257114.896500000031665,1858586.000299999956042
6553,1249114.896500000031665,1814586.000299999956042,1257114.896500000031665,1803586.000299999956042
6562,1249114.896500000031665,1715586.000299999956042,1257114.896500000031665,1704586.000299999956042
6625,1257114.896500000031665,1726586.000299999956042,1265114.896500000031665,1715586.000299999956042
6681,1265114.896500000031665,1814586.000299999956042,1273114.896500000031665,1803586.000299999956042
6686,1265114.896500000031665,1759586.000299999956042,1273114.896500000031665,1748586.000299999956042
6804,1281114.896500000031665,1869586.000299999956042,1289114.896500000031665,1858586.000299999956042
6924,1297114.896500000031665,1957586.000299999956042,1305114.896500000031665,1946586.000299999956042
6925,1297114.896500000031665,1946586.000299999956042,1305114.896500000031665,1935586.000299999956042
6936,1297114.896500000031665,1825586.000299999956042,1305114.896500000031665,1814586.000299999956042
6989,1305114.896500000031665,1946586.000299999956042,1313114.896500000031665,1935586.000299999956042
7024,1305114.896500000031665,1561586.000299999956042,1313114.896500000031665,1550586.000299999956042
7047,1313114.896500000031665,2012586.000299999956042,1321114.896500000031665,2001586.000299999956042
7067,1313114.896500000031665,1792586.000299999956042,1321114.896500000031665,1781586.000299999956042
7152,1321114.896500000031665,1561586.000299999956042,1329114.896500000031665,1550586.000299999956042
7181,1329114.896500000031665,1946586.000299999956042,1337114.896500000031665,1935586.000299999956042
7312,1345114.896500000031665,1913586.000299999956042,1353114.896500000031665,1902586.000299999956042
7689,1393114.896500000031665,1990586.000299999956042,1401114.896500000031665,1979586.000299999956042
7710,1393114.896500000031665,1759586.000299999956042,1401114.896500000031665,1748586.000299999956042
7759,1401114.896500000031665,1924586.000299999956042,1409114.896500000031665,1913586.000299999956042
8195,1457114.896500000031665,2056586.000299999956042,1465114.896500000031665,2045586.000299999956042
8272,1465114.896500000031665,1913586.000299999956042,1473114.896500000031665,1902586.000299999956042
